l,PricewaterhouseCoopers
1,PwC
2,Ernst
2,E&Y
2,EY
3,Deloitte
4,KPMG
5,Arthur Andersen
5,AA 
6,Grant Thornton
6,GT 
7,BDO
8,Crowe Chizek
9,Plante & Moran
10,McGladrey
11,BKD
12,Clifton Gunderson
13,Moss Adams
14,Constantin Associates
16,Virchow Krause  
17,Larson Allen Weishair  
18,Olive LLP
19,Reznick Fedder & Silverman
20,MR Weiser  
21,David Berdon  
22,JH Cohn
23,Schenck
24,Cherry Bekaert & Holland 
25,Thomas Havey 
26,Wipfli 
27,Eide Bailly 
29,Dixon Odom
30,Rehmann Robson
31,Anchin Block & Anchin
33,Rothstein Kass
34,Parente Randolph
35,Goodman & Company
36,Edward Isaacs
37,Blackman Kallick Bartelstein
38,Mahoney Cohen
39,Amper Politziner & Mattia 
40,Doeren Mayhew
41,Elliott Davis
42,LeMaster & Daniels
43,Rubin Brown Gornstein
44,Aronson
45,Suby Von Haden
46,Hill Barth & King
47,Kennedy & Coe
48,Crisp Hughes Evans 
49,Margolin Winer & Evens
50,Keller Bruner
51,Kemper Group
52,WithumSmith + Brown
53,Sikich Gardner & Co
54,Schneider Downs & Company
55,Berry Dunn McNeil & Parker
55,BDMP
56,Kaufman Rossin & Company
57,Clark Schaefer Hackett & Company
58,Blue & Company
60,Joseph Decosimo & Company
61,Citrin Cooperman & Company
62,Lattimore Black Morgan & Cain
63,Frank Rimerman & Co
64,Tofias Fleishman Shapiro & Company
65,Marcum & Kliegman
66,Miller Kaplan Arase & Co
67,Habif Arogeti & Wynne
68,Carlin Charron & Rosen
69,Rachlin Cohen & Holtz
70,Lurie Besikof Lapidus & Company
71,Cohen & Company
72,Warren Averett Kimbrough & Marino
73,Weaver & Tidwell
74,Hein & Associates
75,Singer Lewak Greenbaum & Goldstein
76,The Videre Group
77,Friedman Alpren & Green
78,Mauldin & Jenkins
79,Olsen Thielen & Company
80,Alpern Rosenthal
81,Vavrinek Trine Day & Company
82,Rosen Seymour Shapss Martin & Company
83,Klayman & Korman
84,Watkins Meegan Drury & Company
85,Saltz Shamis & Goldfarb
86,Stonefield Josephson
87,Goldenberg Rosenthal
88,Carr Riggs & Ingram
88,CRI 
89,Morrison Brown Argiz & Company
90,Mohler Nixon & Williams
91,Blum Shapiro & Company
92,Gleeson Sklar Sawyers & Cumpata
93,Kerber Eck & Braeckel
94,Mitchell & Titus
95,Pershing Yoakley & Associates
95,PYA 
96,Ireland San Filippo
98,Boulay Heutmaker Zibell & Co
99,Frost Ruttenberg & Rothblatt
99,FR&R
100,Wiss & Company
101,Moore Stephens
102,Parks Tschopp Whitcomb & Orr
103,Weinberg & Company
104,George Brenner APC
105,Pannell Kerr Forster
105,PKF
106,Kabani & Company
107,Goldstein Golub Kessler
107,GGK
108,Ehrhardt Keefe Steiner & Hottman
109,Grassi & Co
110,Mann Frankfort Stein & Lipp
111,Lazar Levine & Felix
112,Merdinger Fruchter Rosen & Company
113,SW Hatfield
114,Andersen Andersen & Strong
115,G Brad Beckstead
116,Horton & Company
117,KBA Group
118,Rogoff & Company
119,Kurt Saliger
120,Rodefer Moss & Co
121,Eisner
122,Beard Miller Company
123,Francis & Company
124,Squire & Company
125,Witt Mares & Company
126,Sanford H Feibusch
127,Richey May & Co
128,Sprouse & Anderson
129,Stegman & Company
130,Simontacchi & Company
131,Whitley Penn
132,Jackson & Rhodes
133,RE Bassie & Co
134,Squar Milner Reehl & Williamson
135,James E Scheifley & Associates
136,Margolis & Company
137,Pressman Ciocca Smith
138,Mark Bailey & Co
139,Hutchinson & Bloodgood
140,Stokes & Hinds
142,Tait Weller & Baker
143,Novogradac & Company
145,Baum & Company
146,Kelly & Company
147,Beckman Kirkland & Whitney
148,Sherb & Co
149,Perry-Smith
150,Kraft Berger Grill Schwartz Cohen & March
151,MaloneBailey
152,Yount Hyde & Barbour
153,Schneider & Associates
154,Rosenberg Rich Baker Berman
154,RRBB
156,Smith Gray Boyer & Daniell
157,Goldstein Lewin & Company
158,Christopher Smith Leonard Bristow Stanell & Wells
159,Goldstein & Ganz
160,Moe O'Shaughnessy & Associates
161,Ham Langston & Brezina
162,Boyd & Boyd
163,Lane Gorman Trubitt
164,Cheshier & Fuller
165,Smith & Gesteland
166,Kronick Kalada Berdy & Co
167,LaBonte & Company
168,TE Lott & Company
169,Kirkland Russ Murphy & Tapp
170,Weinick Sanders Leventhal & Co
171,Sanville & Company
172,Hansen Barnett & Maxwell
174,Luboshitz Kasierer & Co
176,Wolf & Company (MA/NY)
177,Schechter Dokken Kanter Andrews & Selcer
178,Brown & Brown
179,Hacker Johnson & Smith
180,Williams & Webster
182,Sutton Robinson Freeman & Co
183,Hausser & Taylor
184,Gray & Northcutt
185,Berenson & Company
186,Philip Vogel & Co
187,Cross & Robinson
188,Berkowitz Dick Pollack & Brant
189,Kemp & Company/Ltd
190,Schauer Taylor Cox Vise & Morgan
191,Scott McElveen
192,Brown Dakes Wannall & Maxfield
193,Peterson Sullivan
194,Cacciamatta Accountancy Corporation
195,Sheft Kahn & Company
196,McKennon Wilson & Morgan
197,BP Professionals Group
198,Tanner & Co
199,Farber & Hass
200,Cipolla Sziklay
201,Daren Martenfeld Carr Testa & Company
202,Haskell & White
203,Harper & Pearson Company
204,Moore Stephens Wurth Frazer & Torbet
205,Solomon Winnett & Company
206,Corbin & Company
207,Bagell Josephs & Company
208,Pustorino Puglisi & Co
209,Morgan & Company Chartered Accountants
210,Siegal & Drossner
211,Berkovits Lago & Company
212,SB Hoover & Company
213,Swenson Advisors
214,Pratt-Thomas Gumb & Co
215,Dabbs Hickman Hill & Cannon
216,unknown
217,Smith Carney & Co
218,Kiesling Associates
220,Yohalem Gillman & Company
221,Akin Doherty Klein & Feuge
223,Weinstein Spira & Company
224,Burton McCumber & Cortez
225,Louis Plung & Company
226,Tourville Simpson & Caskey
227,Pender Newkirk & Company
228,McNair McLemore Middlebrooks & Co
229,Heard McElroy & Vestal
230,Gibbons & Kawash
232,Cole Samsel & Bernstein
233,Urbach Kahn & Werlin
234,Pritchett Siler & Hardy
235,Johnson Lambert
236,Sansiveri Kimball & McNamee
237,Welch & Associates
238,Pugh & Company
239,Gallogly Fernandez & Riley
240,Porter Keadle Moore
242,Aidman Piser & Company
243,Gary Skibicki
244,Baylor & Backus
245,DeMeo Young McGrath
246,DYM
246,McKean Paul Chrycy Fletcher & Co
247,Arnold Blackman
250,Rex Meighen & Company
251,Demetrius & Company
252,Putman & Hancock
253,Sharpton Brunson & Company
254,Daszkal Bolton
255,Thompson Greenspon & Co
257,Vitale Caturano & Co
258,Rayburn Betts & Bates
259,Brady Martz & Associates
260,Johnson Miller & Co
261,Thigpen Jones Seaton & Co
262,Draffin & Tucker
263,Spicer Jeffries
264,Summers Spencer & Callison
265,Northup Haines Kaduce Schmid Macklin
266,Braver & Company
267,Saslow Lufkin & Buggy
268,Cummings & Carroll
269,Semago & Company
270,Hazlett Lewis & Bieter
271,HLB
271,Gelfond Hochstadt Pangburn
272,Arnett & Foster
273,Ball & McGraw
274,Poston Denney & Killpack
275,Larrowe & Company
276,Poti Walton & Associates
278,Levitz Zacks & Ciceric
279,Comiskey & Company
280,Sullivan Bille
281,Dixon Francis Davis & Company
282,Clyde Bailey
283,Greenberg & Company
284,Trice Geary & Myers
285,Dworken Hillman LaMorte & Sterczala
286,DHL&S
286,Frederick Kaden & Co
287,Weiser
288,McCurdy & Associates
289,Peterson & Company
290,Payne Falkner Smith & Jones
291,Stambaugh Ness
292,Epstein Weber & Conover
293,Shatswell MacLeod & Company
294,JW Hunt & Company
295,JD Cloud & Co
296,Brown Armstrong Paulden McCown Hill Starbuck & Keeter
297,Burr Pilger Mayer
298,Castaing Hussey & Lolan
299,Holtz Rubenstein & Co
300,Michael R Ferraro
301,Smith Elliott Kearns & Company
302,AM Peisch & Company
303,Brown Edwards & Company
304,Causey Demgen & Moore
305,Malin Bergquist & Company
306,Radics & Co
307,BKR Longanbach Giusti
308,Mayer Hoffman McCann
309,Seligson & Giannattasio
310,Nation Smith Hermes Diamond
311,Horwath Gelfond Hochstadt Pangburn
312,Mitchell Wiggins & Company
313,Rowles & Company
314,Gregory Sharer & Stuart
315,D'Arcangelo & Co
316,Donald G Jones & Company
317,Clyde D Thomas & Co
319,Cobitz Vandenberg & Fennessy
320,Lefkowitz Garfinkel Champi & DeRienzo
321,Richardson & Co
322,Williams Young
323,Piltz Williams LaRosa & Co
324,Stevens Powell & Company
325,Kraft Bros Esstman Patton & Harrell
326,Bush & Germain
327,Schweitzer Karon & Bremer
328,LaPorte Sehrt Romig & Hand
329,May & Company
330,Eggleston Smith
331,Miller Ray & Houser
332,Cole & Reed
333,Simon Lever & Co
334,Packer Thomas
335,McGrail Merkel Quinn & Associates
336,Horne
337,Maggart & Associates
338,Cordovano & Harvey
339,Creedle Jones & Alga
340,Clifton D Bodiford
341,Roth Murphy Sanford
342,Anderson & Associates
343,JH Williams & Co
344,Clancy & Co
345,Fontanella & Babitts
346,Ciulla Smith & Dale
347,Hobe & Lucas
348,Piercy Bowler Taylor & Kern 
348,PBTK
349,Monroe Shine & Co
350,Jones & Kirkpatrick
351,Stovall Grandey & Whatley
352,Tullius Taylor Sartain & Sartain
353,Zirkle Long & Trigueiro
354,Barfield Murphy Shank & Smith
355,Krouse Kern & Co
356,Symonds Evans & Company
357,Reeves & Pearigen
358,Battelle & Battelle
359,Philip Yeung
360,Carmichael Dunn Creswell and Sparks
361,Edwards Sauer & Owens
362,Hannis T Bourgeois
363,Miller Mayer Sullivan & Stevens
364,Anness Gerlach & Williams
365,Turlington and Company
366,DiSanto Bertoline & Company
367,Hurley & Company
368,Bloom & Co
369,Doyle Emery Key Mansell
370,Charles Heaven & Co
371,McLeod & Company
372,Murrell Hall McIntosh & Co
373,Roy Chenevert
374,McElroy Quirk & Burch
375,Zaritsky Penny
376,Moore Stephens Frost
377,Shearer Taylor & Co
378,Larsson Woodyard & Henson
379,Fitts Roberts & Co
380,Most & Company
382,LeGlue & Company
383,Hood & Strong
384,Kostin Ruffkess & Company
385,AJ Robbins
386,Samuel Klein and Company
387,Moore Stephens Lovelace
388,Meaden & Moore
389,Rhea & Ivy
390,Jay J Shapiro
391,Caldwell Becker Dervin Petrick & Co
392,Miller & McCollom
393,Dohan & Company
394,Schwartz Levitsky Feldman
395,Fust Charles Chambers
396,Callahan Johnston & Associates
397,Wheeler Wasoff
398,Rotenberg & Co
399,Baumann Raymondo & Company
400,Henry & Peters
401,Balukoff Lindstrom & Co
402,Sprayberry Barnes Marietta & Luttrell
403,Allan G Hutchison
404,Livingston & Haynes
405,Joseph A Don Angelo
406,Lovelett Skogen & Associates
407,Cowan Gunteski & Co
408,Johnson & Consulting
409,Russell Bedford Stefanou Mirchandani
410,Spear Safer Harmon & Co
411,McManus & Co
412,Moore Horton & Carlson
413,Liebman Goldberg & Drogin
414,McLean Majdanski
415,Miller Ellin & Co
416,Beckstead & Watts
417,Argy Wiltse & Robinson
418,Davidson & Company
419,Radin Glass & Co
420,Andrew M Smith
421,Postlethwaite & Netterville
422,Weaver & Martin
423,Sullivan Ware & Hall
424,Brimmer Burek & Keelan
425,Quick & McFarlin
426,Broussard Poche Lewis & Breaux 
427,BPLB
427,Stirtz Bernards Boyden Surdel & Larter
428,Anton Collins Mitchell
429,Levine Hughes & Mithuen
430,Stockton Bates
431,Sewell & Company
432,Ferlita Walsh & Gonzalez
433,Hall Kistler & Company
434,Corbin & Wertz
435,Wolinetz Lafazan & Company
436,Bradshaw Smith & Co
437,Glenn Burdette Phillips & Bryson
438,EKW & Associates
439,Bryant & Welborn
440,Haefele Flanagan & Co
441,Imowitz Koenig & Co
442,DeCoria Maichel & Teague
443,Sweeney Gates & Co
444,Withey Addison
445,Sallee & Company
446,Durland & Company
447,Margolies Fink & Wichrowski
448,Wooden & Benson
449,James Moore & Co PL
450,Zeifman & Company
451,King & CompanyC
452,Albrecht Viggiano Zureck & Company 
452,AVZ
453,Blanchfield Kober & Company
454,Nussbaum Yates & Wolpow
455,Michael Johnson & Co
456,Grace T Fan
457,Dominick Davi
458,Ent & Imler Group
459,Tedder James Worden & Associates
460,Sobel & Co
461,Kahn Boyd Levychin
462,Moore Stephens Travis Wolff
463,Goldstein & Morris
464,Pisenti & Brinker
465,Gorzynski Felix & Gloekler
466,Horowitz & Ullmann
467,Stan JH Lee
468,Thomas Leger & Co
469,Michaelson & Company
470,Robison Hill & Co
471,HJ & Associates
472,Windes & McClaughry Accountancy Corporation
473,Bobbitt Pittenger & Company
474,Mintz & Partners
475,Berge & Company
476,JS Osborn
479,Semple & Cooper
480,Stefanou & Company
481,Webb & Company
482,Moores Rowland
483,LJ Soldinger Associates
485,Amisano Hanson
486,Ehrenkrantz Sterling & Co
487,Brittingham Dial & Jeffcoat
488,Massella Roumbos
490,Moffitt & Company
491,James C Marshall
492,Freedman & Goldberg
493,Goff Backa Alfera & Company
494,Marvin B Seidman
495,Eric Bolin
496,Bierwolf Nilson & Associates
497,Grimsley White & Company
498,Baratz & Associates
499,Salberg & Company
500,SF Partnership
501,Lumsden & McCormick
502,Baker Newman & Noyes
504,George Xu
505,Kirkpatrick Phillips & Miller
506,Armando C Ibarra
507,Gray Gray & Gray
508,Mark Cohen
509,Killman Murrell & Company
510,McGowen Hurst Clark & Smith
511,Hays & Company
512,Mendoza Berger & Company
514,Larry O'Donnell & Co
516,David S Hall
517,Farmer Fuqua & Huff
518,Grassano Accounting
519,Jewett Schwartz & Associates
520,David E Coffey
521,Cuthill & Eddy
522,Atkinson & Company
524,Kraft Miles & Tatum
525,KenWood & Associates
526,Raimondo Pettit Group Chartered Accountants
527,LL Bradford & Company
528,Mahoney Sabol & Company
529,Chavez & Koch
530,Perrin Fordree & Company
531,Sellers & Associates
532,Edward R Engels
533,Lichter Weil & Associates
538,Stephen A Diamond
539,Want & Ender
540,Siegel & Smith
541,Wong Johnson & Associates
542,Robnett & Company
543,Mayer Rispler & Company
544,Jordahl & Sliter
545,BDO International
546,Anderson ZurMuehlen & Co
547,Dudley Hopton-Jones Sims & Freeman
548,Manning Elliott
549,Diefenbach Delio Kearney & DeDionisio
550,Aaron Stein
551,Russell & Company Chartered Accountants
552,Jones Simkins
553,Lucas Horsfall Murphy & Pindroh
553,LHMP
555,Baier & Williams
556,Jerome Rosenberg
557,Loral International & Advisors
558,Drakeford & Drakeford
559,Angell & Deering
560,Pascale Razzino Alexanderson & Co
561,Wiener Goodman & Company
562,Salibello & Broder
563,Robert Jarkow
564,Ahearn Jasco + Company
565,Dixon Waller & Co
566,Briggs Bunting & Dougherty
567,Kingery Crouse & Hohl
568,Good Swartz Brown & Berns
569,Lavine Lofgren Morris & Engelberg
570,John P Semmens
572,Feldman Sherb & Co
573,Gerald R Hendricks & Co
575,Wentzel Berry Wentzel & Phillips
576,Tardino Tocci & Goldstein
576,TT&G
577,Danziger Hochman
578,Kempisty & Company
579,Mark Sherman
580,Moore Stephens Ellis Foster
582,Quintanilla Accountancy Corporation
583,Andrew Campbell
585,King Griffin & Adamson
586,Kofler Levenstein Romanotto & Co
587,Braverman & Company
588,Beadle McBride & Reeves
589,Cornick Garber & Sandler
590,Marmann McCrary & Associates
591,Michael Deutchman
592,Grobstein Horwath & Company
593,Smythe Ratcliffe
594,Marden Harrison & Kreuter
596,Hall & Company
597,Stark Winter Schenkein & Co
598,Bongiovanni & Associates
600,Janet Loss
601,Forbush & Associates
602,Massella Rubenstein
603,KR Margetson
604,Bruce T Hamilton Corporation
605,Patrusky Mintz & Semel
606,Israeloff Trattner & Co
608,Shubitz Rosenbloom & Co
609,Vasquez & Company
610,Henry Schiffer
611,Baron Accountancy Corporation
612,Berenfeld Spritzer Shechter & Sheer
614,Michael C Finklestein
615,Livingston Wachtell & Co
616,Fernandez Young & Associates
617,MacKay
619,Foote Passey Griffin & Co
620,Magee Rausch & Shelton
621,James J Taylor
622,BDO Visura International AG
623,Staley Okada & Partners
624,Jaffe Kaufman & Sarbey
625,Abrams & Company
626,Parker & Co
627,Gabor & Associates
628,Moore Stephens Doeren Mayhew
630,Paritz & Company
631,Michael L Stuck
632,Albright Persing & Associates
634,Brock and Company
635,Skeehan & Company
636,Abdul R Allibhai
637,Lesley Thomas Schwarz & Postma
638,Zeller Weiss & Kahn
639,Linder & Linder
640,Joseph Troche
641,LA Champagne & Co
642,Earl M Cohen
643,Vincent R Vassallo
644,BDO Dunwoody
645,Bruce Michael Redlin
646,PKF California
647,Mantyla McReynolds
648,Trochiano & Daszkowski
649,House Park & Dobratz
650,Dale Matheson Carr-Hilton
651,Drucker Math & Whitman
652,Meyler & Company
653,Gerson Preston Robinson & Company
654,Don Fuchs
655,Marvin Kirschenbaum
656,Gerald R Perlstein
657,Moore Stephens Taiwan
658,TN Soong & Co
659,Irving Handel & Co
660,Kenny H Lee Group
661,Smith & Company
663,Roger G Castro
664,Davis Accounting Group
665,Buxton & Cloud
666,Richard J Fuller
667,Watson Dauphinee & Masuch
668,Ronald R Chadwick
669,Areson & Company
670,Powell & Booth
672,GBQ Partners
673,Gaytan Kallman & Company
674,Donald V Edwards
675,Klein Mandelblatt & Co
676,Wolrige Mahon
677,Thomas P Monahan
678,Stuart Rubin
679,IWA Financial Consulting
680,Sellers & Andersen
681,Lethert Skwira Schultz & Co
682,Civale Silvestri Alfieri Martin & Higgins
683,William D Lindberg
684,William J Hadaway
685,James A Moyers
686,Travis Wolff & Company
687,James R Bonzo
688,Wrinkle Gardner & Company
689,Ram Associates
690,John J Geib
692,Sacher & Co
694,JA Minni & Associates
695,Gumbiner Savett Finkel Fingelson & Rose
696,Nelson Mayoka & Company
697,Tim Palmieri
698,John L O'Brien & Company
699,Oppenheim & Ostrick
700,Braden Bennink Goldstein Gazaway
701,Carol McAtee
702,Acquavella Chiarelli & Shuster & Co
703,ACSB
703,Graf Repetti & Co
706,John A Braden & Company
707,Frank E Hanson
708,HLB Hodgson Impey Cheng
709,Smith Goolsby Artis & ReamsC
710,Henry L Creel Co
711,Samuel F May Jr
712,Van Buren & Hauke
713,Friedman Minsk Cole & Fastovsky
714,Jack F Burke Jr
715,Richard L Brown & Company
716,Dickson V Lee
717,Allen G Roth
718,Kerkering Barberio & Co
721,Merri Nickerson
724,Schoonover Boyer Gettman & Associates
725,Crouch Bierwolf & Chisholm
726,Chisholm & Associates
727,Carver Hovey & Company
728,Oatley & Hansen
730,Pickett Chaney & McMullen
731,Hoiberg Business Group
732,Feuer Orlando & Pye
734,David I Tow
735,Altschuler Melvoin & Glasser
735,AMG
736,Blanski Peter Kronlage & Zoch
737,Moore Kirkland & Beauston
738,O'Connor Davies Munns & Dobbins
739,Harvey Weingard
740,Marks Paneth & Shron
741,Hoberman Miller Goldstein & Lesser
742,Zolondek Strassels Greene & Freed
743,Solursh Feldman & Partners
744,Tauber & Balser
745,CL Stewart & Company
746,Todres & Company
747,Martin Weiselberg
748,Spector & Wong
749,Peter C Cosmas Co
750,Boros & Farrington/APC
753,Bedinger & Company
755,Kane Hoffman & Danner
756,Pierce & Company
757,Lerner & Sipkin
758,Stephen P Higgins
759,Kenneth Lieberman
760,Eichler Bergsman & Co
761,Wilkins McNair
762,Dannible & McKee
763,Whipple & Company
764,Clumeck Stern Phillips & Schenkelberg
765,CPA Network
766,Eddy SL Chin
767,Turner Stone & Company
769,Lightfoot Guest Moore & Co
770,NI Cameron
771,SS&G Financial Services
772,Weiss & Company
773,Timothy M Griffiths
774,Valiente Hernandez
775,Harold Y Spector
777,Gary R Brown
778,Puritz & Weintraub
779,Mark Escoffery
780,Capraro Centofranchi Kramer & Co
781,McCauley Nicolas & Company
782,Milton Reece
783,Brown Graham & Company
785,Bridges & Dunn-Rankin
787,Kafoury Armstrong & Co
788,Null Lairson
789,Ted A Madsen
790,Sartain Fischbein & Co
791,Gilliland & Associates
792,Shikaze Ralston Tam Kurozumi
793,Charles R Hunt
794,Hogan & Slovacek
795,Simon Krowitz Bolin & Associates
796,BDO Stoy Hayward
797,B2d Semago
798,Kyle L Tingle
799,Schumacher & Associates
800,Longanbach Guisti Kuck & Hornberger
802,Richard H Harris & Associates
803,Jones & Company
804,Meyners & Company
805,Allen Gibbs & Houlik
807,Hedden Chong Chartered Accountants
808,Jimmy Loh
809,Coopers & Lybrand
810,Huber Michaels & Company
812,Scillia Dowling & Natarelli
813,Laurence Rothblatt & Co
814,Timothy L Steers
815,Ludlow & Harrison
816,Moore Stephens Cooper Molyneux
817,Bader Martin Ross & Smith
818,Craig W Conners
819,Campbell Saunders & Company
820,Hoyman Dobson & Company
821,SR Snodgrass
822,Linton Shafer & Company P.A.
823,Armanino McKenna
825,Todd D Chisholm
826,Fisk & Robinson
827,James E Slayton
828,William L Butcher
829,Weisbrod Goldmacher
830,Kalosieh Shackil & Meola
831,Coulter & Justus
832,Moen & Company
833,James Stafford
834,Ramirez International
836,Matthew Hoogendoorn
837,Ellis Foster
838,Wieseneck Andres & Company
839,SE Clark & Company
840,Randy Simpson
841,Garcia Espinosa Miyares & Company
842,Freeman & Davis
843,Brad Haynes
844,Charles F Smith
845,Edward Melton Ellis Koshiw & Company
846,Davis Kinard & Co
847,Colabella & Company
848,Knight Vale & Gregory
849,Brown Smith Wallace
850,Thurman Shaw & Co
851,Wesley F Crowley
852,Hawkins Accounting & Tax Service
853,David T Thomson
854,George Stewart
855,Melton & Co
856,Dennis W Bersch
857,MacCallum Horn
858,Robert C Seiwell Jr
859,Marshall Granger & Co
860,Looney Samson & Associates
861,Dreslin Financial Services
862,Cinnamon Jang Willoughby & Company
863,Marc Lumer & Company
864,Steele & Co Chartered Accountants
865,Gately & Associates
866,Horwath Velez & CoC
867,BDO McCabe Lo Limited
868,LWBJ
869,Rose Snyder & Jacobs
870,Becker (NY)
871,Guest & Company
873,Goodband Viner Taylor
874,Follmer Rudzewicz
875,Banker & Co
876,Jonathon P Reuben Accountancy Corporation
877,Balogh & Tjornehoj
878,Stephen J Busch
879,Pohl McNabola Berg & Company
880,Matranga & Correia
881,Hunter Atkins & Russell
882,Beutel Accountancy Corporation
883,Watts & Scobie
885,Odenberg Ullakko Muranishi & Co
887,Miller Cooper & Co
888,KND & Co Limited
890,Gross Kreger Passio
891,Weber & Company
892,Hay & Watson
893,Richter Usher & Vineberg
894,CFO Advantage
896,Morrison & Smith
898,Peach Goddard
899,The Rehmann Group
900,Dalby Wendland & Co
901,Ciro E Adams
902,Reuben E Price
903,Stewart H Benjamin
904,Robert N Clemons
905,Accounting & Consulting Group
906,VB&H Certified Public Accountants
907,Lasher Gabler & Molis
908,Conway Stuart & Woodbury
909,Walpert & Wolpoff
910,Hollander Lumer & Co
911,Berdon
912,Helin Donovan Trubee & Wilkinson
913,Glasser & Haims
914,Buckley Dodds Parker
915,Lougen Valenti Bookbinder & Weintraub
917,Cogen Sklar
918,Pinkham & Pinkham
919,Asher & Company
920,Chaikin Cohen Rubin & Company
921,Morrow & Poulsen
922,DDK & Company
923,Clevenger - Heywood
924,Halliburton Hunter & Associates
925,Samuel H Wong & Co
926,Gregory Lazicky
927,Howard Bromberg
928,Yartz & Rabalais
929,SL Lee
930,Cayer Prescott Clune & Chatellier
931,Daniel Kenia
932,Agee Fisher
933,Miller & Co
935,Bertram Cooper & Co
936,Alex D Domantay & Associates
937,Kraft Bros
938,Donahue Associates
939,Stark Tinter & Associates
940,Caruso & Caruso
942,Varma & Associates
943,Padgett Stratemann & Co
944,HLB Kidsons
945,Jones Wright Simkins & Associates
946,Beemer Pricher Kuehnhackl & Heidbrink
946,BPK&H
948,Healey & Shron
949,O'Connor Maloney & Company
950,Freed Maxick & Battaglia
951,Caporicci Cropper & Larson
952,Hutton Nelson & McDonald
954,Sorensen Vance & Company
955,Dana F Cole & Co
956,Hanigan Bjorkman and Ecklund
957,Dorra Shaw & Dugan
958,Michael Maastricht
959,Gordon Hughes & Banks
960,Crowder & Pearson
961,Lilling & Company
963,Perez-Abreu Aguerrebere Sueiro
964,Milliman USA
965,Moore Stephens Tiller
966,Howard Womeldorph
968,Barry L Friedman
971,Nystrom & Company
972,Pellerin & Company
973,Meeks Dorman & Company
974,Jameson & Associates
975,Robert L White & Associates
977,Argy & Company
978,Raich Ende Malter & Co
979,Hill Taylor
981,Leland L Williams
982,Harrie Marie Pollok Operhall
983,Adelman Katz & Mond
984,Somerville & Company
985,HM Richard & Associates
986,PKF Hill
987,Castellano Korenberg & Co
988,Bersch Accounting
990,Kish Leake & Associates
991,Gerald Brignola
992,Robert G Jeffrey
993,Stephens Reidinger & Beller
994,Kushner Smith Joanou & Gregson
994,KSJG
995,H Timothy Woo & Co
996,JP Spillane
997,Prociak & Associates
998,William Michaelson
999,John H Spurgeon
1000,McClain & Company